MONTH,Month_Name,Avg_Temp_C,Min_Temp_C,Max_Temp_C,Avg_Precipitation_mm_day,Surface_Pressure_kPa
1,Jan,18.2865,11.424323529411765,26.149470588235292,0.396264705882353,101.48897058823529
2,Feb,22.914680851063828,15.622127659574467,30.966808510638295,1.2897872340425534,101.31407801418439
3,Mar,27.56664516129032,20.69141935483871,35.33322580645161,1.573741935483871,101.01029032258064
4,Apr,30.596733333333336,24.915066666666668,37.7855,2.9593333333333334,100.69736666666667
5,May,30.120354838709677,26.264,35.296,7.572322580645162,100.42793548387097
6,Jun,29.04743333333333,26.803633333333334,32.1762,12.217533333333334,100.1032
7,Jul,28.47622580645161,26.48625806451613,31.2408064516129,17.83758064516129,100.04164516129032
8,Aug,28.304741935483868,26.28383870967742,31.068548387096776,15.286645161290322,100.11732258064515
9,Sep,27.955766666666666,25.752599999999997,30.80146666666667,11.0878,100.46796666666667
10,Oct,26.536193548387093,23.163,30.10074193548387,8.553225806451612,100.89622580645162
11,Nov,22.5933,17.316233333333333,28.103066666666667,2.0149666666666666,101.24610000000001
12,Dec,18.912032258064514,12.95374193548387,25.699290322580644,1.0271935483870969,101.45903225806451
