crop_name,scientific_name,variety,season,planting_window,harvest_window,growing_days,water_requirement,heat_tolerance,salinity_tolerance,waterlogging_tolerance,soil_type,soil_ph_range,yield,yield_unit,region,source,source_url,notes
Maize,Zea mays,species baseline,Rabi,Dec-Jan (early Dec recommended),N/A,90-140,"500-700+ mm/season (global range, not BD-specific)",18-33C optimal; 10-47C absolute,<4 dS/m optimal; medium tolerance to 4-10 dS/m; yield-decline threshold ~1.7 dS/m,Low - highly sensitive,"medium, organic (optimal); heavy/medium/light tolerated",5-7 optimal; 4.5-8.5 absolute,N/A,t/ha,Global (FAO ECOCROP),FAO ECOCROP,https://ecocrop.apps.fao.org/ecocrop/srv/en/dataSheet?id=2175,"Species-level baseline, not Polder-30 or variety specific"
Maize,Zea mays,E-34 x BIL-211,Rabi,N/A,N/A,N/A,N/A,N/A,High (best of 15 saline-tolerant hybrid lines tested),N/A,N/A,N/A,11.37,t/ha,"Botiaghata, Khulna",SAU journal,https://jsau.sau.ac.bd/evaluation-of-some-promising-salt-tolerant-maize-lines-in-the-coastal-region-of-bangladesh-salt-tolerant-maize-evaluation-in-coastal-bangladesh/,"Highest-yielding of 15 advanced hybrid lines tested on saline land, Rabi 2022-23"
Maize,Zea mays,Pinacle-3 x BIL-211,Rabi,N/A,N/A,N/A,N/A,N/A,High,N/A,N/A,N/A,9.71,t/ha,"Botiaghata, Khulna",SAU journal,https://jsau.sau.ac.bd/evaluation-of-some-promising-salt-tolerant-maize-lines-in-the-coastal-region-of-bangladesh-salt-tolerant-maize-evaluation-in-coastal-bangladesh/,2nd-highest yielding line of 15 tested
Maize,Zea mays,BIL-79 x Pinacle-16,Rabi,N/A,N/A,N/A,N/A,N/A,High,N/A,N/A,N/A,9.09,t/ha,"Botiaghata, Khulna",SAU journal,https://jsau.sau.ac.bd/evaluation-of-some-promising-salt-tolerant-maize-lines-in-the-coastal-region-of-bangladesh-salt-tolerant-maize-evaluation-in-coastal-bangladesh/,3rd-highest yielding line of 15 tested
Maize,Zea mays,BIL-106 x CML-480,Rabi,N/A,N/A,N/A,N/A,N/A,Low (weakest of 15 lines on saline land),N/A,N/A,N/A,3.53,t/ha,"Botiaghata, Khulna",SAU journal,https://jsau.sau.ac.bd/evaluation-of-some-promising-salt-tolerant-maize-lines-in-the-coastal-region-of-bangladesh-salt-tolerant-maize-evaluation-in-coastal-bangladesh/,Lowest-yielding of the 15 lines tested
Maize,Zea mays,BARI hybrid Maize-16,Rabi,15 Dec (best of 15Dec/30Dec/15Jan/30Jan tested),N/A,N/A,N/A,N/A,N/A,N/A,non-calcareous dark grey floodplain (AEZ-13),N/A,7.73,t/ha (grain),"Dacope, Khulna",epubs.icar.org.in (JISCAR 42(1)),https://epubs.icar.org.in/index.php/JISCAR/article/download/146853/54851/417850,Stover yield 11.4 t/ha also recorded; highest carbohydrate content (78.3%) at same sowing date
Maize,Zea mays,BARI hybrid Maize-16 (spacing trial),Rabi,N/A,N/A,N/A,N/A,N/A,N/A,N/A,N/A,N/A,8.43,t/ha,"Dacope, Khulna",banglajol.info (SAARC J. Agri.),https://www.banglajol.info/index.php/SJA/article/view/72864,Best yield with 45cm x 20cm spacing
Maize,Zea mays,Sunshine,Rabi,N/A,N/A,N/A,N/A,N/A,N/A,N/A,N/A,N/A,N/A,t/ha,"Dacope, Khulna",epubs.icar.org.in (JISCAR 42(1)),https://epubs.icar.org.in/index.php/JISCAR/article/download/146853/54851/417850,"Tested cultivar, lower grain yield than BARI hybrid Maize-16; tallest plants at 15 Dec sowing"
Maize,Zea mays,NK40,Rabi,N/A,N/A,N/A,N/A,N/A,N/A,N/A,N/A,N/A,N/A,t/ha,"Dacope, Khulna",epubs.icar.org.in (JISCAR 42(1)),https://epubs.icar.org.in/index.php/JISCAR/article/download/146853/54851/417850,"Tested cultivar, lower yield than BARI hybrid Maize-16"
