crop,local_variety,growing_duration_min_days,growing_duration_max_days,growing_duration_as_recorded,season_as_recorded,water_requirement_rating,water_requirement_as_recorded,salinity_ec_min_dsm,salinity_ec_max_dsm,salinity_interpretation,observed_field_ec_range,waterlogging_tolerance_rating,waterlogging_tolerance_note,soil_type_suitability,temperature_min_c,temperature_max_c,temperature_as_recorded,local_variety_as_recorded,local_polder_yield_qualifier,other_reported_yield_min_t_ha,other_reported_yield_max_t_ha,evidence_scope,planting_window,harvest_window,salinity_tolerance_rating,soil_ph_range,evidence_regions,original_notes,source_1,source_2,source_3,source_4,source_5
Mung Daal,BARI Mung-6,55,60,~55–60 days,February to April/ Rabi,Low,56mm,2.0,2.4,medium,2.0–2.4 dS/m (medium) [1],Low,little to no tolerance,Well-drained Clay - Loam,19,31,19°C - 31 °C[4],BARI Mung-6 [2],Batiaghata field yield [1],0.42,1.52,Mixed sources; includes Polder 30/Batiaghata field yield and other cited studies,N/A,N/A,N/A,N/A,N/A,N/A,"Mahmooda & Saleh, Assessing the role of a rehabilitated polder in sustainable agricultural development",https://www.slideshare.net/slideshow/hand-book-of-agricultural-technology/38485729,https://kus.ku.ac.bd/kustudies/article/download/86/479/561,https://www.bamis.gov.bd/,N/A
Sesame,BARI Til 4,90,95,90–95 days,"Late January to April, Kharif-1",Low,97mm,2.14,4.02,medium,2.14–4.02 dS/m,Low,little tolerance of 12 to 48 hrs,Silty clay,25,35,25C - 35C,BARI Til 4 [4],"approximately, [1]",N/A,N/A,Polder/coastal-polder evidence as recorded in the sheet; source references are incomplete in the sheet,N/A,N/A,N/A,N/A,N/A,N/A,N/A,N/A,N/A,"Productivity Improvement Opportunities in the Coastal Polders to Address Food Security Challenges of Bangladesh M. K. MONDAL1*, N. K. SAHA2, J. BHATTACHARYA2, S. P. RITU3, P. L. C. PAUL3, S. PARVIN3, Z. K. KHAN4, A. SUTRADHAR4 and F. A. KAMAL4",https://dhcrop.bsmrau.net/bari-til-4-2/
Sunflower,Hysun-33,N/A,N/A,N/A,Rabi,N/A,N/A,N/A,N/A,N/A,N/A,N/A,N/A,N/A,N/A,N/A,N/A,Hysun-33,N/A,N/A,N/A,N/A,mid-Nov,N/A,High,N/A,"Batiaghata, Khulna",Beat local varieties,SRDI trial,https://old.thefinancialexpress.com.bd/print/sunflower-cultivation-gets-success-in-coastal-lands-1614221549,N/A,N/A,N/A
Maize,E-34 x BIL-211,N/A,N/A,N/A,Rabi,N/A,N/A,N/A,N/A,N/A,N/A,N/A,N/A,N/A,N/A,N/A,N/A,E-34 x BIL-211,N/A,11.37,11.37,N/A,N/A,N/A,High,N/A,"Batiaghata, Khulna",Top of 15 lines,SAU journal,https://jsau.sau.ac.bd/evaluation-of-some-promising-salt-tolerant-maize-lines-in-the-coastal-region-of-bangladesh-salt-tolerant-maize-evaluation-in-coastal-bangladesh/,N/A,N/A,N/A
Maize,Pinacle-3 x BIL-211,N/A,N/A,N/A,Rabi,N/A,N/A,N/A,N/A,N/A,N/A,N/A,N/A,N/A,N/A,N/A,N/A,Pinacle-3 x BIL-211,N/A,9.71,9.71,N/A,N/A,N/A,High,N/A,"Batiaghata, Khulna",2nd of 15 lines,SAU journal,https://jsau.sau.ac.bd/evaluation-of-some-promising-salt-tolerant-maize-lines-in-the-coastal-region-of-bangladesh-salt-tolerant-maize-evaluation-in-coastal-bangladesh/,N/A,N/A,N/A
Maize,BIL-79 x Pinacle-16,N/A,N/A,N/A,Rabi,N/A,N/A,N/A,N/A,N/A,N/A,N/A,N/A,N/A,N/A,N/A,N/A,BIL-79 x Pinacle-16,N/A,9.09,9.09,N/A,N/A,N/A,High,N/A,"Batiaghata, Khulna",3rd of 15 lines,SAU journal,https://jsau.sau.ac.bd/evaluation-of-some-promising-salt-tolerant-maize-lines-in-the-coastal-region-of-bangladesh-salt-tolerant-maize-evaluation-in-coastal-bangladesh/,N/A,N/A,N/A
Maize,BARI hybrid Maize-16,N/A,N/A,N/A,Rabi,N/A,N/A,N/A,N/A,N/A,N/A,N/A,N/A,Grey floodplain,N/A,N/A,N/A,BARI hybrid Maize-16,N/A,7.73,7.73,N/A,15 Dec,N/A,N/A,N/A,"Dacope, Khulna",Stover 11.4 t/ha,JISCAR,https://epubs.icar.org.in/index.php/JISCAR/article/download/146853/54851/417850,N/A,N/A,N/A
Rice,BRRI dhan51,N/A,N/A,N/A,T. Aman,N/A,N/A,N/A,N/A,N/A,N/A,N/A,N/A,N/A,N/A,N/A,N/A,BRRI dhan51,Attached source reports this value for the stated region,N/A,N/A,N/A,N/A,N/A,N/A,N/A,"Polder 30, Khulna",Max 6.30 t/ha,SAU thesis,https://agris.fao.org/search/en/providers/122442/records/6878f0445d9ad5f58d608b0b,N/A,N/A,N/A
Rice,BRRI dhan54,N/A,N/A,N/A,T. Aman,N/A,N/A,N/A,N/A,N/A,N/A,N/A,N/A,N/A,N/A,N/A,N/A,BRRI dhan54,N/A,4.6,4.6,N/A,N/A,N/A,N/A,N/A,"Batiaghata, Khulna",Local water-height fit,BRRI Annual Report,https://objectstorage.ap-dcc-gazipur-1.oraclecloud15.com/n/axvjbnqprylg/b/V2Ministry/o/office-brri/2024/12/9ca53ac2851f49968cd37cfa0c4744b6.pdf,N/A,N/A,N/A
Rice,BRRI dhan52,133,133,133,T. Aman,N/A,Rainfed,N/A,N/A,N/A,N/A,"High, 14-day submergence",N/A,Silty clay,N/A,N/A,N/A,BRRI dhan52,Attached source reports this value for the stated region,N/A,N/A,N/A,1 Jul-30 Aug,Nov-Dec,N/A,7.1-7.3,"Polder 30, Batiaghata",Best transplant 10 Aug,SAU thesis,https://archive.saulibrary.edu.bd/handle/123456789/2334,N/A,N/A,N/A
Rice,BRRI dhan47,153,153,153,Boro,N/A,N/A,N/A,N/A,N/A,N/A,N/A,N/A,N/A,N/A,N/A,N/A,BRRI dhan47,Attached source reports this value for the stated region,N/A,N/A,N/A,N/A,N/A,N/A,N/A,"Polder 30, Khulna",Boro PVS trial,Coastal varietal trial,N/A,N/A,N/A,N/A
